BookURI_STYLO	WORD_COUNT	authorURI	BookCats	BookID	BookTitle
1331JurjiZaydan_AbuMuslimKhurasani	70297	1331JurjiZaydan	novels	41728357	أبو مسلم الخراساني
1331JurjiZaydan_AminWaMamun	58897	1331JurjiZaydan	novels	75919582	الأمين والمأمون
1331JurjiZaydan_ArmanusaMisriyya	62094	1331JurjiZaydan	novels	71858151	أرمانوسة المصرية
1331JurjiZaydan_AsirMutamahdi	68582	1331JurjiZaydan	novels	29513059	أسير المتمهدي
1331JurjiZaydan_CabbasaUkhtRashid	52098	1331JurjiZaydan	novels	81504027	العباسة أخت الرشيد
1331JurjiZaydan_CabdRahmanNasir	55877	1331JurjiZaydan	novels	74268029	عبد الرحمن الناصر
1331JurjiZaydan_CadhraQuraysh	57995	1331JurjiZaydan	novels	92527518	عذراء قريش
1331JurjiZaydan_CarusFarghana	56151	1331JurjiZaydan	novels	36379464	عـروس فرغانة
1331JurjiZaydan_FatatGhassan	109635	1331JurjiZaydan	novels	59429042	فتاة غسَّان
1331JurjiZaydan_FatatQayruwan	57419	1331JurjiZaydan	novels	69729647	فتاة القيروان
1331JurjiZaydan_FathAndalus	65234	1331JurjiZaydan	novels	40915851	فتح الأندلس
1331JurjiZaydan_GhadatKarbala	60049	1331JurjiZaydan	novels	13604281	غَادَةُ كرْبَلاء
1331JurjiZaydan_InqilabCuthmani	59846	1331JurjiZaydan	novels	26938058	الانقلاب العثماني
1331JurjiZaydan_Ramadan17	52251	1331JurjiZaydan	novels	96940275	١٧ رمضان
1331JurjiZaydan_SalahDinAyyubi	58220	1331JurjiZaydan	novels	39482082	صـلاح الـدين الأيـوبي
1331JurjiZaydan_ShajaratDurr	51710	1331JurjiZaydan	novels	83513693	شجرة الدر
1331JurjiZaydan_SharlWaCabdRahman	62093	1331JurjiZaydan	novels	61641316	شارل وعبد الرحمن
1331JurjiZaydan_TarajimMashahir01	97050	1331JurjiZaydan	history	49464279	تراجم مشاهير الشرق في القرن التاسع عشر (الجزء الأول)
1331JurjiZaydan_TarikhAdabLughaCarabiyya	348817	1331JurjiZaydan	literary.criticism	18683951	تاريخ آداب اللغة العربية
1331JurjiZaydan_TarikhMisr02	82347	1331JurjiZaydan	history	92924059	تاريخ مصر الحديث مع فذلكة في تاريخ مصر القديم (الجزء الثاني)
1331JurjiZaydan_TarikhTamaddunIslami1	62499	1331JurjiZaydan	history	26382506	تاريخ التمدن الإسلامي (الجزء الأول)
1340FarahAntun_DinWaCilmWaMal	16128	1340FarahAntun	novels	70246068	الدِّينُ والعِلمُ والمال
1340FarahAntun_FalsafatIbnRushd	17833	1340FarahAntun	philosophy	13939717	فَلسَفَةُ ابنِ رُشْد
1340FarahAntun_IbnShacb	15257	1340FarahAntun	plays	15917424	ابن الشعب
1340FarahAntun_UrashalimJadida	61644	1340FarahAntun	novels	73918028	أورشليم الجديدة
1340FarahAntun_WahshWahshWahsh	21512	1340FarahAntun	novels	36950604	الوحش . الوحش . الوحش
1342MustafaLutfiManfaluti_Cabarat	38980	1342MustafaLutfiManfaluti	novels	29373683	العبرات
1342MustafaLutfiManfaluti_Fadila	38487	1342MustafaLutfiManfaluti	novels	24684962	الفضيلة
1342MustafaLutfiManfaluti_FiSabilTaj	19854	1342MustafaLutfiManfaluti	novels	85247571	في سبيل التاج
1342MustafaLutfiManfaluti_Majdulin	50481	1342MustafaLutfiManfaluti	novels	74280904	ماجدولين
1342MustafaLutfiManfaluti_Nazarat	140394	1342MustafaLutfiManfaluti	literature	94061468	النظرات
1342MustafaLutfiManfaluti_Shacir	43291	1342MustafaLutfiManfaluti	novels	27916469	الشاعر
1348AhmadTaymurBasha_AbuCalaMacarri	31487	1348AhmadTaymurBasha	literary.criticism	28041486	أبو العلاء المعري
1348AhmadTaymurBasha_AclamMuhandisinFiIslam	17129	1348AhmadTaymurBasha	biographies, history	58350282	أعلام المهندسين في الإسلام
1348AhmadTaymurBasha_AmthalCammiyya	121143	1348AhmadTaymurBasha	literature	75241938	الأمثال العامية: مشروحة ومرتبة حسب الحرف الأول من المثل
1348AhmadTaymurBasha_AtharNabawiyya	27715	1348AhmadTaymurBasha	history	72916402	الآثار النبوية
1348AhmadTaymurBasha_AwhanShucaraCarabFiMacani	21147	1348AhmadTaymurBasha	literary.criticism	82470468	أوهام شعراء العرب في المعاني
1348AhmadTaymurBasha_HubbWaJamalCindaCarab	28358	1348AhmadTaymurBasha	literature	80268240	الحب والجمال عند العرب
1348AhmadTaymurBasha_KinayatCammiyya	23199	1348AhmadTaymurBasha	literature, linguistics	93047907	الكنايات العامية
1349JibranKhalilJibran_AjnihaMutakassira	16243	1349JibranKhalilJibran	novels	46094724	الأجنحة المتكسرة
1349JibranKhalilJibran_ArwahMutamarrida	19448	1349JibranKhalilJibran	novels	91827302	الأرواح المتمردة
1349JibranKhalilJibran_BadaicWaTaraif	18140	1349JibranKhalilJibran	literature	40604174	البدائع والطرائف
1349JibranKhalilJibran_Cawasif	26676	1349JibranKhalilJibran	literature	85258647	العواصف
1349JibranKhalilJibran_DAmcaWaIbtisama	21603	1349JibranKhalilJibran	literature	68407095	دمعة وابتسامة
1355MustafaSadiqRafici_AwraqWard	43138	1355MustafaSadiqRafici	literature	19618179	أوراق الورد
1355MustafaSadiqRafici_CalaSafud	28893	1355MustafaSadiqRafici	literary.criticism	18513963	على السَّفود
1355MustafaSadiqRafici_HadithQamar	22020	1355MustafaSadiqRafici	literature	62581958	حديث القمر
1355MustafaSadiqRafici_KitabMasakin	51009	1355MustafaSadiqRafici	novels	80383953	كتاب المساكين
1355MustafaSadiqRafici_RasailAhzan	22723	1355MustafaSadiqRafici	literature	42928303	رسائل الأحزان: في فلسفة الجمال والحب
1355MustafaSadiqRafici_SihabAhmar	24077	1355MustafaSadiqRafici	literature	64285973	السحاب الأحمر
1355MustafaSadiqRafici_TahtaRayatQuran	94371	1355MustafaSadiqRafici	literature	60724057	تحت راية القرآن: المعركة بين القديم والجديد
1355MustafaSadiqRafici_TarikhAdabCarab	272662	1355MustafaSadiqRafici	history, literary.criticism	70629206	تاريخ آداب العرب
1355MustafaSadiqRafici_WahyQalam	284240	1355MustafaSadiqRafici	literature	61379142	وحي القلم
1358AminRihani_KharijHarim	21373	1358AminRihani	novels	39464158	خارج الحريم
1358AminRihani_MuhalafaThulathiyya	18643	1358AminRihani	novels	82418169	المحالفة الثلاثية في المملكة الحيوانية
1358AminRihani_NurAndalus	31118	1358AminRihani	travel.literature	59603514	نور الأندلس
1358AminRihani_QalbCiraq	48375	1358AminRihani	literature	42409306	قلب العراق رحلات وتاريخ
1358AminRihani_Rayhaniyyat	151569	1358AminRihani	literary.criticism, literature	81380829	الريحانيات
1358AminRihani_SijillTawba	16571	1358AminRihani	novels	85302613	سجل التوبة
1358AminRihani_ZanbaqatGhawr	56187	1358AminRihani	novels	24070363	زنبقة الغور
1358YusufKaram_CaqlWaWujud	47259	1358YusufKaram	philosophy	63814928	العقل والوجود
1358YusufKaram_TabicaWaMaBacdaTabica	48497	1358YusufKaram	philosophy	13572791	الطبيعة وما بعد الطبيعة
1358YusufKaram_TarikhFalsafaHaditha	130135	1358YusufKaram	philosophy	57379637	تاريخ الفلسفة الحديثة
1358YusufKaram_TarikhFalsafaUrubbiyyaFiCasrWasit	53986	1358YusufKaram	philosophy, history	74748240	تاريخ الفلسفة الأوربية في العصر الوسيط
1358YusufKaram_TarikhFalsafaYunaniyya	81172	1358YusufKaram	philosophy, history	19204286	تاريخ الفلسفة اليونانية
1359oMayZiyada_BahithatBadiya	32443	1359oMayZiyada	literary.criticism	19027171	باحثة البادية
1359oMayZiyada_BaynaJazrWaMadd	25724	1359oMayZiyada	literature	97415804	بين الجزر والمد: صفحات في اللغة والآداب والفن والحضارة
1359oMayZiyada_CaishaTaymur	28119	1359oMayZiyada	literary.criticism	30427571	عائشة تيمور
1359oMayZiyada_Musawat	24926	1359oMayZiyada	literature	82646393	المساواة
1359oMayZiyada_RujucMawja	24275	1359oMayZiyada	literature	39714175	رجوع الموجة
1359oMayZiyada_SawanihFatat	18053	1359oMayZiyada	literature	51305974	سوانح فتاة
1359oMayZiyada_ZulumatWaAshicca	15610	1359oMayZiyada	literature	26397073	ظلمات وأشعة
1361CabdAllahHusayn_MasalaHabashiyya	47760	1361CabdAllahHusayn	history	29373572	المسألة الحبشية
1361CabdAllahHusayn_MasalaHindiyya	38631	1361CabdAllahHusayn	history	62481531	المسألة الهندية
1361CabdAllahHusayn_MasalaYahudiyya	58503	1361CabdAllahHusayn	history	14964935	المسألة اليهودية
1361CabdAllahHusayn_Sudan1	77312	1361CabdAllahHusayn	history	35837080	السودان من التاريخ القديم إلى رحلة البعثة المصرية (الجزء الأول)
1361CabdAllahHusayn_TarikhMinQablTarikh	51034	1361CabdAllahHusayn	history	85315384	تاريخ ما قبل التاريخ
1361CabdAllahHusayn_TasawwufWaMutasawwifa	25706	1361CabdAllahHusayn	history	61638096	التصوف والمتصوِّفة
1363CumarTusun_JayshMisriFiHarbRusiyyaMacrufaBiHarbQirim	31178	1363CumarTusun	history	17307940	الجيش المصري في الحرب الروسية المعروفة بحرب القرم
1363CumarTusun_MaliyatMisr	42077	1363CumarTusun	history	25362624	مالية مصر من عهد الفراعنة إلى الآن
1363CumarTusun_TarikhKhalijIskandariyya	22809	1363CumarTusun	history	57909080	تاريخ خليج الإسكندرية القديم وترعة المحمودية
1363CumarTusun_WadiNatrun	35420	1363CumarTusun	history	24602682	وادي النطرون
1363CumarTusun_Yawm111	21634	1363CumarTusun	history	58482029	يوم ١١ يوليه سنة ١٨٨٢
1365ShakibArslan_HulalSundusiyya01	121954	1365ShakibArslan	history	20790318	الحلل السندسية في الأخبار والآثار الأندلسية (الجزء الأول)
1365ShakibArslan_IrtisamatLutaf	75224	1365ShakibArslan	travel.literature	93924793	الارتسامات اللطاف في خاطر الحاج إلى أقدس مطاف
1365ShakibArslan_LimadhaTaakhkharaMuslimun	26028	1365ShakibArslan	history	69071351	لماذا تأخر المسلمون؟ ولماذا تقدم غيرهم؟
1365ShakibArslan_TarikhGhazawatCarab	90780	1365ShakibArslan	history	59024715	تاريخ غزوات العرب في فرنسا وسويسرا وإيطاليا وجزائر البحر المتوسط
1365ShakibArslan_TarikhIbnKhaldun	121036	1365ShakibArslan	history	74797079	تاريخ ابن خلدون
1368CaliJarim_FarisBaniHamdan	22528	1368CaliJarim	novels	70593971	فارس بني حمدان
1368CaliJarim_GhadatRashid	38061	1368CaliJarim	novels	39649030	غادة رشيد
1368CaliJarim_HatifMinAndalus	42196	1368CaliJarim	novels	17979520	هاتف من الأندلس
1368CaliJarim_KhatimatMataf	22613	1368CaliJarim	novels	17291520	خاتمة المطاف
1368CaliJarim_MarahWalid	20630	1368CaliJarim	novels	81947462	مرح الوليد
1368CaliJarim_SayyidatQusur	22396	1368CaliJarim	novels	97031861	سيدة القصور
1368CaliJarim_ShacirMalik	17232	1368CaliJarim	novels	96853080	شاعر ملك
1368CaliJarim_ShacirTamuh	24782	1368CaliJarim	novels	40204702	الشاعر الطموح
1368IbrahimCabdQadirMazini_AhadithMazini	38391	1368IbrahimCabdQadirMazini	literature	91637469	أحاديث المازني
1368IbrahimCabdQadirMazini_CaMashi	21777	1368IbrahimCabdQadirMazini	novels	30603192	ع الماشي
1368IbrahimCabdQadirMazini_CawdIlaBad	19848	1368IbrahimCabdQadirMazini	novels	86057520	عود على بدء
1368IbrahimCabdQadirMazini_FiTariq	42265	1368IbrahimCabdQadirMazini	novels	93085140	في الطريق
1368IbrahimCabdQadirMazini_GharizatMara	18024	1368IbrahimCabdQadirMazini	plays	93962649	غريزة المرأة
1368IbrahimCabdQadirMazini_HisadHashim	74949	1368IbrahimCabdQadirMazini	literary.criticism	69469697	حصاد الهشيم
1368IbrahimCabdQadirMazini_IbrahimKatib	20298	1368IbrahimCabdQadirMazini	novels	63502629	إبراهيم الكاتب
1368IbrahimCabdQadirMazini_IbrahimThani	42508	1368IbrahimCabdQadirMazini	novels	13572470	إبراهيم الثاني
1368IbrahimCabdQadirMazini_MinNafidha	22405	1368IbrahimCabdQadirMazini	literature	47374173	من النافذة
1368IbrahimCabdQadirMazini_MukhtaratMinQasasInjlizi	84072	1368IbrahimCabdQadirMazini	literature	83702539	مختارات من القَصَص الإنجليزي
1368IbrahimCabdQadirMazini_QabdRih	36023	1368IbrahimCabdQadirMazini	literary.criticism	17469747	قبض الريح
1368IbrahimCabdQadirMazini_QissatHayat	25631	1368IbrahimCabdQadirMazini	biographies	92790962	قصة حياة
1368IbrahimCabdQadirMazini_RihlaIlaHijaz	26826	1368IbrahimCabdQadirMazini	travel.literature	72603515	رحلة إلى الحجاز
1368IbrahimCabdQadirMazini_SabilHayat	28482	1368IbrahimCabdQadirMazini	literature	63082470	سبيل الحياة
1368IbrahimCabdQadirMazini_SunduqDunya	32443	1368IbrahimCabdQadirMazini	literature	85938393	صندوق الدنيا
1368IbrahimCabdQadirMazini_ThalathatRijalWaImraa	26013	1368IbrahimCabdQadirMazini	novels	25714191	ثلاثة رجال وامرأة
1368IbrahimRamzi_AbtalMansura	20914	1368IbrahimRamzi	plays	50729579	أبطال المنصورة
1368IbrahimRamzi_BabQamar	120099	1368IbrahimRamzi	novels	80968603	باب القمر
1368IbrahimRamzi_Badawiyya	15690	1368IbrahimRamzi	plays	13680727	البدوية
1368IbrahimRamzi_KalimatNabulyun	19454	1368IbrahimRamzi	history	91602803	كلِمات نابُليون
1368IbrahimRamzi_TarikhFayyum	21842	1368IbrahimRamzi	history	27208072	تاريخ الفيوم
1371ZakiMubarak_AkhlaqCindaGhazali	70054	1371ZakiMubarak	literary.criticism	59507481	الأخلاق عند الغزالي
1371ZakiMubarak_AsmarWaAhadith	55601	1371ZakiMubarak	literary.criticism	74831386	الأسمار والأحاديث
1371ZakiMubarak_Badaic	38086	1371ZakiMubarak	literature	19139738	البدائع
1371ZakiMubarak_CabqariyyatSharifRadi	82660	1371ZakiMubarak	literary.criticism	57072526	عبقرية الشَّريف الرَّضي
1371ZakiMubarak_CushshaqThalatha	20991	1371ZakiMubarak	literary.criticism	59507358	العشاق الثلاثة
1371ZakiMubarak_DhikrayatBaris	50822	1371ZakiMubarak	travel.literature	82796808	ذكريات باريس
1371ZakiMubarak_MadamicCushshaq	47471	1371ZakiMubarak	literature	92480708	مدامع العشاق
1371ZakiMubarak_MuwazanaBaynaShucara	74383	1371ZakiMubarak	literary.criticism	37141640	الموازنة بين الشعراء
1371ZakiMubarak_NathrFanniFiQarnRabic	180711	1371ZakiMubarak	literary.criticism	63146390	النثر الفني في القرن الرابع
1371ZakiMubarak_Tasawwuf	157654	1371ZakiMubarak	philosophy	81316951	التَّصوف الإسلامي في الأدب والأخلاق
1371ZakiMubarak_WahyBaghdad	61652	1371ZakiMubarak	literature	38196806	وحي بغداد
1372KurdCali_AqwalunaWaAfcaluna	96210	1372KurdCali	social.sciences	84140608	أقوالنا وأفعالنا
1372KurdCali_DimashqMadinatSihrWaShicr	21676	1372KurdCali	history	81802595	دمشق مدينة السحر والشعر
1372KurdCali_GhabirAndalusWaHadiruha	28329	1372KurdCali	history	51620274	غابر الأندلس وحاضرها
1372KurdCali_IdaraIslamiyyaFiCizzCarab	50333	1372KurdCali	history	59250728	الإدارة الإسلامية في عز العرب
1372KurdCali_IslamWaHadaraCarabiyya	258760	1372KurdCali	history	68305130	الإسلام والحضارة العربية
1372MuhammadLutfiJumca_BaynaAsadIfriqiWaNamirItali	28662	1372MuhammadLutfiJumca	history	63827241	بين الأسد الأفريقي والنمر الإيطالي: بحث تحليلي تاريخي ونفساني واجتماعي في المشكلة الحبشية الإيطالية
1372MuhammadLutfiJumca_FiWadiHumum	18951	1372MuhammadLutfiJumca	novels	63724059	في وادي الهموم
1372MuhammadLutfiJumca_HayatSharq	109503	1372MuhammadLutfiJumca	history	49069206	حياة الشرق: دُوله وشعوبه وماضيه وحاضره
1372MuhammadLutfiJumca_HikamNapulyun	18658	1372MuhammadLutfiJumca	literature	81614607	حكم ناپوليون
1372MuhammadLutfiJumca_HikmaMashriqiyya	21033	1372MuhammadLutfiJumca	literature	36094974	الحكمة المشرقية
1372MuhammadLutfiJumca_ShihabRasid	85251	1372MuhammadLutfiJumca	literary.criticism	86869064	الشهاب الراصد
1372MuhammadLutfiJumca_TarikhFalasifatIslam	89926	1372MuhammadLutfiJumca	philosophy, history	40948193	تاريخ فلاسفة الإسلام: دراسة شاملة عن حياتهم وأعمالهم ونقد تحليلي عن آرائهم الفلسفية
1372MuhammadLutfiJumca_TidhkarSiba	72608	1372MuhammadLutfiJumca	biographies, travel.literature	13919490	تذكار الصبا: ذكرى ١٩ مارس
1373AhmadAmin_DuhaIslam	271316	1373AhmadAmin	history	30536269	ضحى الإسلام
1373AhmadAmin_FajrIslam	87215	1373AhmadAmin	history	92024806	فجر الإسلام
1373AhmadAmin_FaydKhatir01	79231	1373AhmadAmin	literature	59616186	فيض الخاطر (الجزء الأول)
1373AhmadAmin_FaydKhatir03	69322	1373AhmadAmin	literature	72708279	فيض الخاطر (الجزء الثالث)
1373AhmadAmin_FaydKhatir05	75681	1373AhmadAmin	literature	69525952	فيض الخاطر (الجزء الخامس)
1373AhmadAmin_HarunRashid	33523	1373AhmadAmin	history	51719608	هارون الرشيد
1373AhmadAmin_Hayati	61992	1373AhmadAmin	biographies	79372917	حياتي
1373AhmadAmin_IlaWaladi	15839	1373AhmadAmin	literature	36069074	إلى ولدي
1373AhmadAmin_KitabAkhlaq	32957	1373AhmadAmin	philosophy	74719294	كتاب الأخلاق
1373AhmadAmin_MahdiWaMahdawiyyun	17578	1373AhmadAmin	history	35314719	المهدي والمهدوية
1373AhmadAmin_NaqdAdabi	109737	1373AhmadAmin	literary.criticism	24682079	النقد الأدبي
1373AhmadAmin_QamusCadatWaTaqalidWaTacabirMisriyya	107758	1373AhmadAmin	literature	81902572	قاموس العادات والتقاليد والتعابير المصرية
1373AhmadAmin_SharqWaGharb	25042	1373AhmadAmin	history	31951509	الشرق والغرب
1373AhmadAmin_YawmIslam	51377	1373AhmadAmin	history	38307359	يوم الإسلام
1373AhmadAmin_ZucamaIslahFiCasrHadith	26641	1373AhmadAmin	history	35757396	زعماء الإصلاح في العصر الحديث
1373AhmadAmin_ZuhrIslam	243884	1373AhmadAmin	history	92963020	ظهر الإسلام
1373NiqulaHaddad_AdamJadid	46995	1373NiqulaHaddad	novels	49195362	آدم الجديد: رواية اجتماعية عصرية
1373NiqulaHaddad_AsrarMisr	28746	1373NiqulaHaddad	novels	82495926	أسرار مصر
1373NiqulaHaddad_CilmAdabNafs	59419	1373NiqulaHaddad	philosophy	90940842	علم أدب النفس: أوليات الفلسفة الأدبية
1373NiqulaHaddad_DawlatSayyidatFiMamlakatNisa	17487	1373NiqulaHaddad	novels	79591635	دولة سيدات في مملكة نساء
1373NiqulaHaddad_FalsafatWujud	28129	1373NiqulaHaddad	philosophy	69316182	فلسفة الوجود
1373NiqulaHaddad_FatinatImbaratur	36879	1373NiqulaHaddad	novels	85252495	فاتنة الإمبراطور: فرانسوا جوزيف إمبراطور النمسا السابق وعشيقته كاترين شراط
1373NiqulaHaddad_HaqibaZarqa	24979	1373NiqulaHaddad	novels	93524790	الحقيبة الزرقاء: رواية عصرية أدبية غرامية
1373NiqulaHaddad_HawaJadida	35683	1373NiqulaHaddad	novels	60626970	حواء الجديدة
1373NiqulaHaddad_HukarMuhtalAmrikiCaziz	19544	1373NiqulaHaddad	novels	59290207	هوكر المحتال الأمريكي العظيم: شخصان في واحد
1373NiqulaHaddad_ManahijHayat	26268	1373NiqulaHaddad	economics	73808039	مناهج الحياة: السعي، العمل، الاقتصاد بهذه الثلاثة تنال الثروة
1373NiqulaHaddad_ThawraFiJahannam	20933	1373NiqulaHaddad	novels	61528174	ثورة في جهنم
1373NiqulaHaddad_WadacanAyyuhaMashriq	28406	1373NiqulaHaddad	novels	81713528	وداعًا أيها الشرق
1375MuhammadHusaynHaykal_CuthmanIbnCaffan	34424	1375MuhammadHusaynHaykal	history	26964862	عثمان بن عفان: بين الخلافة والملك
1375MuhammadHusaynHaykal_FaruqCumar	211991	1375MuhammadHusaynHaykal	history	13538483	الفاروق عمر
1375MuhammadHusaynHaykal_FiAwqatFiragh	66698	1375MuhammadHusaynHaykal	literature, literary.criticism	91847183	في أوقات الفراغ: مجموعة رسائل أدبية تاريخية أخلاقية فلسفية
1375MuhammadHusaynHaykal_FiManzilWahy	178612	1375MuhammadHusaynHaykal	literature	18175075	في منزل الوحي
1375MuhammadHusaynHaykal_HakadhaKhuliqat	74687	1375MuhammadHusaynHaykal	novels	30272028	هكذا خلقت: قصة طويلة
1375MuhammadHusaynHaykal_HayatMuhammad	168182	1375MuhammadHusaynHaykal	history	20604026	حياة محمد
1375MuhammadHusaynHaykal_ImanWaMacrifaWaFalsafa	38650	1375MuhammadHusaynHaykal	philosophy	19351958	الإيمان والمعرفة والفلسفة
1375MuhammadHusaynHaykal_ImbaraturiyyaIslamiyya	37820	1375MuhammadHusaynHaykal	history	16136305	الإمبراطورية الإسلامية والأماكن المقدسة
1375MuhammadHusaynHaykal_MudhakkiratShabab	81104	1375MuhammadHusaynHaykal	biographies	57393159	مذكرات الشباب
1375MuhammadHusaynHaykal_QisasMisriyya	33825	1375MuhammadHusaynHaykal	novels	30731627	قصص مصرية
1375MuhammadHusaynHaykal_SharqWaGharb	52685	1375MuhammadHusaynHaykal	travel.literature	14159130	شرق وغرب
1375MuhammadHusaynHaykal_SiddiqAbuBakr	101100	1375MuhammadHusaynHaykal	history	42908302	الصديق أبو بكر
1375MuhammadHusaynHaykal_TarajimMisriyyaWaGharbiyya	81194	1375MuhammadHusaynHaykal	biographies, history	83520394	تراجم مصرية وغربية
1375MuhammadHusaynHaykal_ThawratAdab	53809	1375MuhammadHusaynHaykal	literary.criticism	31424071	ثورة الأدب
1375MuhammadHusaynHaykal_Waladi	85931	1375MuhammadHusaynHaykal	travel.literature	62409030	ولدي
1375MuhammadHusaynHaykal_Zaynab	64317	1375MuhammadHusaynHaykal	novels	28493759	زينب
1377MuhammadThabit_JawlaFiRubucDunyaJadida	50314	1377MuhammadThabit	travel.literature	20796203	جولة في ربوع الدنيا الجديدة: بين مصر والأمريكتين
1377MuhammadThabit_JawlaFiRubucIfriqiyya	43579	1377MuhammadThabit	travel.literature	41461649	جولة في ربوع أفريقية: بين مصر ورأس الرجاء الصالح
1377MuhammadThabit_JawlaFiRubucUrubba	35995	1377MuhammadThabit	travel.literature	30759182	جولة في ربوع أوروبا: بين مصر وأيسلنده
1377MuhammadThabit_JawlaFiRubucUstralia	48821	1377MuhammadThabit	travel.literature	26914282	جولة في ربوع أستراليا: بين مصر وهونولولو
1377MuhammadThabit_RihlatiFiMashariqArdWaMagharibiha	45539	1377MuhammadThabit	travel.literature	71629136	رحلاتي في مشارق الأرض ومغاربها
1377SalamaMusa_AdabInjliziHadith	28684	1377SalamaMusa	literature, literary.criticism	84948057	الأدب الإنجليزي الحديث
1377SalamaMusa_AdabLiShacb	33014	1377SalamaMusa	literature, literary.criticism	50539692	الأدب للشعب
1377SalamaMusa_AshharKhutabWaMashahirKhutaba	33241	1377SalamaMusa	literature, history	24069693	أشهَر الخطب ومشاهير الخطباء
1377SalamaMusa_BalaghaCasriyyaWaLughaCarabiyya	27799	1377SalamaMusa	linguistics, literature	93731593	البلاغة العصرية واللغة العربية
1377SalamaMusa_BarnardShaw	40286	1377SalamaMusa	literature, literary.criticism	92920684	برنارد شو
1377SalamaMusa_CaqlBatin	32599	1377SalamaMusa	psychology	82064868	العقل الباطن
1377SalamaMusa_DirasatSaykulugiyya	25600	1377SalamaMusa	psychology	51493058	دراسات سيكلوجية
1377SalamaMusa_FannHayat	25751	1377SalamaMusa	literature	71853836	فن الحياة
1377SalamaMusa_FiHayatWaAdab	30254	1377SalamaMusa	literature	30531809	في الحياة والأدب
1377SalamaMusa_HaulaiCallamuni	50242	1377SalamaMusa	philosophy	72527397	هؤلاء علموني
1377SalamaMusa_HayatunaBacdaKhamsin	24088	1377SalamaMusa	social.sciences	50394829	حياتنا بعد الخمسين
1377SalamaMusa_HubbFiTarikh	31093	1377SalamaMusa	literature, history	90306293	الحب في التاريخ
1377SalamaMusa_HurriyyatFikrWaAbtaluhaFiTarikh	33679	1377SalamaMusa	social.sciences	93579268	حرية الفكر وأبطالها في التاريخ
1377SalamaMusa_IftahuLahaBab	23536	1377SalamaMusa	novels	86173858	افتحوا لها الباب
1377SalamaMusa_InsanQimmatTatawwur	23926	1377SalamaMusa	philosophy	35746947	الإنسان قمة التطور
1377SalamaMusa_KayfaNurabbiAnfusana	44292	1377SalamaMusa	literature	72614757	كيف نربي أنفسنا
1377SalamaMusa_KitabThawrat	31375	1377SalamaMusa	politics	50297538	كتاب الثورات
1377SalamaMusa_MaqalatMamnuca	30196	1377SalamaMusa	literature	94713929	مقالات ممنوعة
1377SalamaMusa_MaraLaysatLacbatRajul	22333	1377SalamaMusa	literature	41726090	المرأة ليست لعبة الرجل
1377SalamaMusa_Muhawalat	39152	1377SalamaMusa	psychology	38473814	محاولات
1377SalamaMusa_NazariyyatTatawwurWaAslInsan	42423	1377SalamaMusa	science, philosophy	51869206	نظرية التطور وأصل الإنسان
1377SalamaMusa_ShakhsiyyaNajica	32401	1377SalamaMusa	literature	72819315	الشخصية الناجعة
1377SalamaMusa_TarbiyatSalamaMusa	65616	1377SalamaMusa	biographies	30809151	تربية سلامة موسى
1377SalamaMusa_TarikhFununWaAshharSuwar	24821	1377SalamaMusa	arts	49157416	تاريخ الفنون وأشهر الصور
1377SalamaMusa_TariqMajdLiShabab	28844	1377SalamaMusa	literature	86141960	طريق المجد للشباب
1378CabdWahhabCazzam_Awabid	54312	1378CabdWahhabCazzam	literature	13957902	الأوابد
1378CabdWahhabCazzam_DhikraAbiTayyib	66196	1378CabdWahhabCazzam	literary.criticism	96490641	ذكرى أبي الطيب بعد ألف عام
1378CabdWahhabCazzam_MahdCarab	17786	1378CabdWahhabCazzam	history	72836250	مهد العرب
1378CabdWahhabCazzam_MajalisSultanGhuri	38330	1378CabdWahhabCazzam	literature	63908296	مجالس السلطان الغوري: صفحات من تاريخ مصر في القرن العاشر الهجري
1378CabdWahhabCazzam_MuctamidIbnCabbad	23577	1378CabdWahhabCazzam	literature, history	49424259	المعتمد بن عَبَّاد: الملك الجواد الشجاع الشاعر المرزأ
1378CabdWahhabCazzam_MuhammadIqbal	36322	1378CabdWahhabCazzam	biographies	50497937	محمد إقبال: سيرته وفلسفته وشعره
1378CabdWahhabCazzam_Shawarid	80412	1378CabdWahhabCazzam	literature	86930379	الشوارد
1378CabdWahhabCazzam_TasawwufWaFaridDinCattar	23849	1378CabdWahhabCazzam	literary.criticism	46050209	التصوف وفريد الدين العطار
1381IsmacilMazhar_BidaaCasrBatalima	27696	1381IsmacilMazhar	history	17162930	بداءة عصر البطالمة
1381IsmacilMazhar_FalsafatLadhdhaWaAlam	45948	1381IsmacilMazhar	philosophy	51619626	فلسفة اللذة والألم
1381IsmacilMazhar_FiNaqdAdabi	23302	1381IsmacilMazhar	linguistics	93719741	في النقد الأدبي
1381IsmacilMazhar_MalqaSabil	95626	1381IsmacilMazhar	social.sciences	74162592	ملقى السبيل في مذهب النشوء والارتقاء
1381IsmacilMazhar_MaraFiCasrDimuqratiyya	35386	1381IsmacilMazhar	social.sciences	75736386	المرأة في عصر الديمقراطية
1381IsmacilMazhar_MucdilatMadinaHaditha	63276	1381IsmacilMazhar	literature	46946197	معضلات المدنية الحديثة
1381IsmacilMazhar_NazcatFikr	20304	1381IsmacilMazhar	history	53741415	نزعة الفكر الأوروبي في القرن التاسع عشر
1381IsmacilMazhar_QaysarWaKilyubatra	15592	1381IsmacilMazhar	history	30461695	قيصر وكليوبطرا
1381IsmacilMazhar_TarikhFikrCarabi	45565	1381IsmacilMazhar	philosophy	73191613	تاريخ الفكر العربي
1381MarunCabbud_AdabCarab	87198	1381MarunCabbud	literary.criticism, literature	71490515	أدب العرب: مختصر تاريخ نشأته وتطوره وسير مشاهير رجاله وخطوط أولى من صورهم
1381MarunCabbud_AhadithQarya	39226	1381MarunCabbud	literature	84793046	أحاديث القرية: أقاصيص وذكريات
1381MarunCabbud_AkhirHajar	31080	1381MarunCabbud	literature	97260461	آخر حجر
1381MarunCabbud_AmirAhmar	22230	1381MarunCabbud	novels	83157390	الأمير الأحمر: قصة لبنانية
1381MarunCabbud_AqzamJababira	30188	1381MarunCabbud	novels	80804060	أقزام جبابرة
1381MarunCabbud_BadicZamanHamadhani	24565	1381MarunCabbud	literary.criticism	42828360	بديع الزمان الهمذاني
1381MarunCabbud_CalaMihakk	50143	1381MarunCabbud	literary.criticism	97241813	على المِحَكِّ: نظرات وآراء في الشعر والشعراء
1381MarunCabbud_CalaTair	57728	1381MarunCabbud	literary.criticism	68094158	على الطائر: في نقد الأحاديث النثرية والشعرية التي أذاعتها محطة الشرق الأدنى منذ ١١ / ١١ / ١٩٥١ إلى ٢٠ / ٤ / ١٩٥٥
1381MarunCabbud_HibrCalaWaraq	29574	1381MarunCabbud	literature	53526174	حبر على ورق
1381MarunCabbud_KristufKulumb	18965	1381MarunCabbud	plays	19631595	كريستوف كولومب
1381MarunCabbud_MinJirab	26641	1381MarunCabbud	literature	48475359	من الجراب
1381MarunCabbud_MujaddidunWaMujtarrun	41250	1381MarunCabbud	literary.criticism	80518364	مجددون ومجترون
1381MarunCabbud_NaqadatCabir	63679	1381MarunCabbud	literary.criticism	39597479	نقدات عابر
1381MarunCabbud_QablaInfijarBurkan	25413	1381MarunCabbud	literature	83913828	قبل انفجار البركان
1381MarunCabbud_Ruus	66755	1381MarunCabbud	literary.criticism	75903970	الرؤوس
1381MarunCabbud_RuwwadNahdaHaditha	48331	1381MarunCabbud	literature	37520352	رواد النهضة الحديثة
1381MarunCabbud_WujuhWaHikayat	23127	1381MarunCabbud	literature	53097092	وجوه وحكايات
1381MarunCabbud_Zawabic	24750	1381MarunCabbud	literature	97024639	زوابع
1383CabbasMahmudCaqqad_Allah	74764	1383CabbasMahmudCaqqad	philosophy	70638427	الله
1383CabbasMahmudCaqqad_AlwanMinQissaQasiraFiAdabAmriki	51602	1383CabbasMahmudCaqqad	novels	61617953	ألوان من القصة القصيرة في الأدب الأمريكي: نقد ونماذج مترجمة من أدب القصة
1383CabbasMahmudCaqqad_Ana	57546	1383CabbasMahmudCaqqad	biographies	31475247	أنا
1383CabbasMahmudCaqqad_BinjaminFranklin	53423	1383CabbasMahmudCaqqad	biographies	26373030	بنجامين فرنكلين
1383CabbasMahmudCaqqad_CabqariIslahWaTaclimImamMuhammadCabduh	51140	1383CabbasMahmudCaqqad	biographies	46379685	عبقري الإصلاح والتعليم: الإمام محمد عبده
1383CabbasMahmudCaqqad_CabqariyyatCumar	60956	1383CabbasMahmudCaqqad	biographies	82068526	عبقرية عمر
1383CabbasMahmudCaqqad_CamrIbnCas	46715	1383CabbasMahmudCaqqad	biographies	26931350	عمرو بن العاص
1383CabbasMahmudCaqqad_DirasatFiMadhahibAdabiyyaWaIjtimaciyya	60529	1383CabbasMahmudCaqqad	literature	80940683	دراسات في المذاهب الأدبية والاجتماعية
1383CabbasMahmudCaqqad_Fusul	64714	1383CabbasMahmudCaqqad	literary.criticism	97274731	الفصول
1383CabbasMahmudCaqqad_HaqaiqIslam	58375	1383CabbasMahmudCaqqad	literature	13082050	حقائق الإسلام وأباطيل خصومه
1383CabbasMahmudCaqqad_HayatMasih	44652	1383CabbasMahmudCaqqad	biographies	52082590	حياة المسيح: في التاريخ وكشوف العصر الحديث
1383CabbasMahmudCaqqad_HayatQalam	58061	1383CabbasMahmudCaqqad	biographies	92514250	حياة قلم
1383CabbasMahmudCaqqad_Iblis	46745	1383CabbasMahmudCaqqad	philosophy, literature	18502737	إبليس
1383CabbasMahmudCaqqad_IbnRumi	77970	1383CabbasMahmudCaqqad	literary.criticism, biographies	38697931	ابن الرومي: حياته من شعره
1383CabbasMahmudCaqqad_IbrahimAbuAnbiya	51870	1383CabbasMahmudCaqqad	biographies	91929150	إبراهيم أبو الأنبياء
1383CabbasMahmudCaqqad_MaYuqalCanIslam	55637	1383CabbasMahmudCaqqad	literary.criticism	68360536	ما يقال عن الإسلام
1383CabbasMahmudCaqqad_MurajacatFiAdabWaFunun	46453	1383CabbasMahmudCaqqad	literary.criticism	90917939	مراجعات في الآداب والفنون
1383CabbasMahmudCaqqad_MutalacatFiKutubWaHayat	81760	1383CabbasMahmudCaqqad	literary.criticism	81581424	مطالعات في الكتب والحياة
1383CabbasMahmudCaqqad_QarnCishrun	48818	1383CabbasMahmudCaqqad	literature	94028070	القرن العشرون
1383CabbasMahmudCaqqad_RijalCaraftuhum	47396	1383CabbasMahmudCaqqad	biographies	95950851	رجال عرفتهم
1383CabbasMahmudCaqqad_SacatBaynaKutub	179031	1383CabbasMahmudCaqqad	literature	18605304	ساعات بين الكتب
1383CabbasMahmudCaqqad_SacdZaghlulZacimThawra	46954	1383CabbasMahmudCaqqad	biographies	47572963	سعد زغلول زعيم الثورة
1383CabbasMahmudCaqqad_ShacirAndalusi	44692	1383CabbasMahmudCaqqad	biographies	49613641	شاعر أندلسي وجائزة عالمية
1383CabbasMahmudCaqqad_Yasalunak	63247	1383CabbasMahmudCaqqad	literature	85807391	يسألونك
1383CabbasMahmudCaqqad_Yawmiyyat	100563	1383CabbasMahmudCaqqad	literature	17919704	يوميَّات
1392TahaHusayn_Adib	38585	1392TahaHusayn	novels	63728685	أديب
1392TahaHusayn_Alwan	104194	1392TahaHusayn	literature	14820685	ألوان
1392TahaHusayn_Ayyam	92547	1392TahaHusayn	biographies	62042949	الأيام
1392TahaHusayn_CalaHamishSira	133447	1392TahaHusayn	history	37420520	على هامش السيرة
1392TahaHusayn_FiAdabJahili	88870	1392TahaHusayn	literary.criticism	59309248	في الأدب الجاهلي
1392TahaHusayn_FitnaKubra1Cuthman	63688	1392TahaHusayn	history	83828042	الفتنة الكبرى (الجزء الأول): عثمان
1392TahaHusayn_FitnaKubra2CaliWaBanuhu	68300	1392TahaHusayn	history	46307961	الفتنة الكبرى (الجزء الثاني): علي وبنوه
1392TahaHusayn_FusulFiAdabWaNaqd	60240	1392TahaHusayn	literary.criticism	25864275	فصول في الأدب والنقد
1392TahaHusayn_HadithArbica	224879	1392TahaHusayn	literature	20958591	حديث الأربعاء
1392TahaHusayn_KhisamWaNaqd	46806	1392TahaHusayn	literary.criticism	75174724	خصام ونقد
1392TahaHusayn_Lahazat	76427	1392TahaHusayn	literary.criticism	16051859	لحظات
1392TahaHusayn_MacaAbiCalaFiSijnihi	41078	1392TahaHusayn	literature	59162414	مع أبي العلاء في سجنه
1392TahaHusayn_MacaMutanabbi	91657	1392TahaHusayn	literary.criticism	17153816	مع المتنبي
1392TahaHusayn_MaratIslam	54108	1392TahaHusayn	history	17506357	مرآة الإسلام
1392TahaHusayn_MinAdabTamthilGharbi	41329	1392TahaHusayn	literature	30525258	من أدب التمثيل الغربي
1392TahaHusayn_MinBacid	53196	1392TahaHusayn	literature	60473902	من بعيد
1392TahaHusayn_MinHadithShicrWaNathr	42757	1392TahaHusayn	literary.criticism	86392413	من حديث الشعر والنثر
1392TahaHusayn_MinHunak	52162	1392TahaHusayn	literature	47573815	من هناك
1392TahaHusayn_MustaqbalThaqafaFiMisr	86166	1392TahaHusayn	literature	91860682	مستقبل الثقافة في مصر
1392TahaHusayn_NaqdWaIslah	47835	1392TahaHusayn	literary.criticism	20806072	نقد وإصلاح
1392TahaHusayn_SawtBaris	74866	1392TahaHusayn	literature	42702649	صوت باريس
1392TahaHusayn_ShajaratBus	41900	1392TahaHusayn	novels	95048414	شجرة البؤس
1392TahaHusayn_Shaykhan	41981	1392TahaHusayn	history	94962085	الشيخان
1392TahaHusayn_SuhufMukhtara	43885	1392TahaHusayn	literature	20858508	صحف مختارة من الشعر التمثيلي عند اليونان
1392TahaHusayn_TajdidDhikriAbiCala	73997	1392TahaHusayn	literary.criticism	68583809	تجديد ذكرى أبي العلاء
